K num,Activate distance,SASA area,score
19,22.794079,53.6914355896378,0.111387335
20,23.025728,97.08314904265362,0.17627946
21,20.381598,82.99646609195376,0.15905653
56,31.780468,149.14571415064847,0.24613483
63,31.55009,154.3865018850725,0.25417057
69,37.61798,143.64333242731192,0.2344489
71,33.919964,98.55739340336642,0.16873072
126,12.13082,87.14961742530731,0.18865666
145,9.263379,64.90798157145048,0.17309815
179,20.82192,36.49666743635044,0.088458896
212,27.264196,16.77657025187743,0.050883442
249,26.211834,137.66717265563457,0.23356639
262,17.418552,2.290553760222351,0.04362886
264,19.43832,102.12628689060547,0.18946792
267,19.482588,126.52747464940374,0.22605172
294,37.515686,128.5778007322598,0.21186192
334,27.95812,36.821782531792906,0.08036645
340,28.70997,49.67862675825496,0.09902967
360,45.43845,61.97114945158675,0.10852429
377,40.410816,21.804079690622004,0.050085254
381,53.182823,107.12204028966369,0.17412543
382,54.676235,68.45914366553741,0.11567044
403,37.898193,158.61354941790836,0.25680578
406,31.94795,172.5746842232293,0.2812241
450,31.368803,151.29690376548606,0.2496563
452,33.68313,157.47078790568764,0.25740004
471,38.138283,160.1463222702667,0.25899267
482,46.06116,170.6032512575543,0.27154836
488,51.393578,199.6518106563865,0.3136204
